﻿name,birthday,deathday,gender,num_of_acting_credits
Tim Robbins,1958-10-16,,2,88
Morgan Freeman,1937-06-01,,2,189
Bob Gunton,1945-11-15,,2,88
Marlon Brando,1924-04-03,2004-07-01,2,107
Al Pacino,1940-04-25,,2,114
James Caan,1940-03-26,2022-07-06,2,137
Christian Bale,1974-01-30,,2,75
Heath Ledger,1979-04-04,2008-01-22,2,28
Michael Caine,1933-03-14,,2,195
Robert Duvall,1931-01-05,,2,132
Diane Keaton,1946-01-05,,1,79
Martin Balsam,1919-11-04,1996-02-13,2,109
John Fiedler,1925-02-03,2005-06-25,2,74
Lee J. Cobb,1911-12-08,1976-02-11,2,84
Liam Neeson,1952-06-07,,2,178
Ben Kingsley,1943-12-31,,2,164
Ralph Fiennes,1962-12-22,,2,106
Elijah Wood,1981-01-28,,2,98
Ian McKellen,1939-05-25,,2,145
Viggo Mortensen,1958-10-20,,2,77
John Travolta,1954-02-18,,2,118
Samuel L. Jackson,1948-12-21,,2,234
Uma Thurman,1970-04-29,,1,79
Clint Eastwood,1930-05-31,,2,159
Eli Wallach,1915-12-07,2014-06-24,2,155
Lee Van Cleef,1925-01-09,1989-12-16,2,93
Tom Hanks,1956-07-09,,2,165
Robin Wright,1966-04-08,,1,59
Gary Sinise,1955-03-17,,2,58
Edward Norton,1969-08-18,,2,67
Brad Pitt,1963-12-18,,2,105
Helena Bonham Carter,1966-05-26,,1,116
Leonardo DiCaprio,1974-11-11,,2,80
Joseph Gordon-Levitt,1981-02-17,,2,79
Ken Watanabe,1959-10-21,,2,60
Mark Hamill,1951-09-25,,2,185
Harrison Ford,1942-07-13,,2,131
Carrie Fisher,1956-10-21,2016-12-27,1,100
Keanu Reeves,1964-09-02,,2,142
Laurence Fishburne,1961-07-30,,2,136
Carrie-Anne Moss,1967-08-21,,1,56
Robert De Niro,1943-08-17,,2,211
Ray Liotta,1954-12-18,2022-05-26,2,102
Joe Pesci,1943-02-09,,2,55
Jack Nicholson,1937-04-22,,2,111
Brad Dourif,1950-03-18,,2,142
Louise Fletcher,1934-07-21,2022-09-23,1,87
Matthew McConaughey,1969-11-04,,2,85
Anne Hathaway,1982-11-12,,1,78
Gwyneth Paltrow,1972-09-27,,1,71
James Stewart,1908-05-20,1997-07-02,2,163
Donna Reed,1921-01-27,1986-01-14,1,52
Lionel Barrymore,1878-04-28,1954-11-15,2,246
Toshirō Mifune,1920-04-02,1997-12-24,2,169
Takashi Shimura,1905-03-12,1982-02-11,2,245
Yoshio Inaba,1920-07-15,1998-04-20,2,95
Jodie Foster,1962-11-19,,1,85
Anthony Hopkins,1937-12-31,,2,160
Scott Glenn,1939-01-26,,2,94
Tom Sizemore,1961-11-29,2023-03-03,2,212
Edward Burns,1968-01-29,,2,39
Alexandre Rodrigues,1983-05-21,,2,13
Leandro Firmino,1978-06-23,,2,19
Phellipe Haagensen,1984-01-01,,2,5
Roberto Benigni,1952-10-27,,2,63
Nicoletta Braschi,1960-08-10,,1,24
Giorgio Cantarini,1992-12-05,,2,8
David Morse,1953-10-11,,2,71
Bonnie Hunt,1961-09-22,,1,43
Arnold Schwarzenegger,1947-07-30,,2,148
Linda Hamilton,1956-09-26,,1,64
Edward Furlong,1977-08-02,,2,58
Michael J. Fox,1961-06-09,,2,78
Christopher Lloyd,1938-10-22,,2,174
Crispin Glover,1964-04-20,,2,62
Rumi Hiiragi,1987-08-01,,1,8
Miyu Irino,1988-02-19,,2,69
Mari Natsuki,1952-05-02,,1,55
Adrien Brody,1973-04-14,,2,85
Thomas Kretschmann,1962-09-08,,2,116
Frank Finlay,1926-08-06,2016-01-30,2,88
Robert Glaudini,,,0,16
Demi Moore,1962-11-11,,1,66
Luca Bercovici,1957-02-22,,2,37
Anthony Perkins,1932-04-04,1992-09-12,2,78
Janet Leigh,1927-07-06,2004-10-03,1,97
Vera Miles,1929-08-23,,1,76
Russell Crowe,1964-04-07,,2,85
Joaquin Phoenix,1974-10-28,,2,63
Connie Nielsen,1965-07-03,,1,58
Chiwetel Ejiofor,1977-07-10,,2,67
John Oliver,1977-04-23,,2,17
Donald Glover,1983-09-25,,2,35
Shameik Moore,1995-05-04,,2,16
Hailee Steinfeld,1996-12-11,,1,36
Brian Tyree Henry,1982-03-31,,2,33
Matt Damon,1970-10-08,,2,123
Jean Reno,1948-07-30,,2,109
Natalie Portman,1981-06-09,,1,62
Gary Oldman,1958-03-21,,2,117
Miles Teller,1987-02-20,,2,32
J.K. Simmons,1955-01-09,,2,146
Paul Reiser,1957-03-30,,2,53
Beverly D'Angelo,1951-11-15,,1,104
Timothée Chalamet,1995-12-27,,2,33
Zendaya,1996-09-01,,1,30
Rebecca Ferguson,1983-10-19,,1,30
Hugh Jackman,1968-10-12,,2,84
Hoshi Ishida,1990-04-02,,2,29
Mao Sasaki,1999-06-01,,1,5
Ikki Sawamura,1967-07-10,,2,41
Paul Biensfeldt,1869-03-04,1933-04-02,2,58
Lil Dagover,1887-09-29,1980-01-23,1,121
George John,,,0,1
Kevin Spacey,1959-07-26,,2,96
Gabriel Byrne,1950-05-12,,2,114
Stephen Baldwin,1966-05-12,,2,93
Humphrey Bogart,1899-12-25,1957-01-14,2,147
Ingrid Bergman,1915-08-29,1982-08-29,1,108
Paul Henreid,1908-01-10,1992-03-29,2,49
François Cluzet,1955-09-21,,2,93
Omar Sy,1978-01-20,,2,82
Dominique Henry,,,0,1
Philippe Noiret,1930-10-01,2006-11-23,2,154
Jacques Perrin,1941-07-13,2022-04-21,2,110
Marco Leonardi,1971-11-14,,2,58
Charlie Chaplin,1889-04-16,1977-12-25,2,194
Paulette Goddard,1910-06-03,1990-04-23,1,68
Henry Bergman,1868-02-23,1946-10-22,2,39
Grace Kelly,1929-11-12,1982-09-14,1,52
Wendell Corey,1914-03-20,1968-11-08,2,46
Tom Skerritt,1933-08-25,,2,116
Sigourney Weaver,1949-10-08,,1,126
Veronica Cartwright,1949-04-20,,1,80
Claudia Cardinale,1938-04-15,,1,154
Henry Fonda,1905-05-16,1982-08-12,2,164
Jason Robards,1922-07-26,2000-12-26,2,120
Virginia Cherrill,1908-04-12,1996-11-14,1,15
Florence Lee,,,0,4
Jamie Foxx,1967-12-13,,2,96
Christoph Waltz,1956-10-04,,2,111
Martin Sheen,1940-08-03,,2,256
Frederic Forrest,1936-12-23,2023-06-23,2,76
Albert Hall,1937-11-10,,2,29
Guy Pearce,1967-10-05,,2,85
Joe Pantoliano,1951-09-12,,2,111
Ben Burtt,1948-07-12,,2,37
Elissa Knight,1975-04-15,,1,18
Jeff Garlin,1962-06-05,,2,62
Karen Allen,1951-10-05,,1,65
Paul Freeman,1943-01-18,,2,69
Vikrant Massey,1987-04-03,,2,30
Medha Shankr,,,1,4
Anant Joshi,,,2,4
Martina Gedeck,1961-09-14,,1,102
Ulrich Mühe,1953-06-20,2007-07-22,2,56
Sebastian Koch,1962-05-31,,2,68
William Holden,1918-04-17,1981-11-12,2,94
Gloria Swanson,1899-03-27,1983-04-04,1,95
Erich von Stroheim,1885-09-22,1957-05-12,2,73
Robert Downey Jr.,1965-04-04,,2,122
Chris Evans,1981-06-13,,2,65
Chris Hemsworth,1983-08-11,,2,60
Kirk Douglas,1916-12-09,2020-02-05,2,123
Ralph Meeker,1920-11-21,1988-08-05,2,47
Adolphe Menjou,1890-02-18,1963-10-29,2,132
Jake Johnson,1978-05-28,,2,36
Tyrone Power,1914-05-05,1958-11-15,2,73
Marlene Dietrich,1901-12-27,1992-05-06,1,88
Charles Laughton,1899-06-30,1962-12-15,2,70
Shelley Duvall,1949-07-07,2024-07-11,1,80
Danny Lloyd,1973-01-01,,2,7
Jack Oakie,1903-11-12,1978-01-23,2,101
Carrie Henn,1976-05-07,,1,7
Michael Biehn,1956-07-31,,2,97
Mélanie Laurent,1983-02-21,,1,56
Anthony Gonzalez,2004-09-23,,2,9
Gael García Bernal,1978-11-30,,2,67
Benjamin Bratt,1963-12-16,,2,62
F. Murray Abraham,1939-10-24,,2,120
Tom Hulce,1953-12-06,,2,30
Elizabeth Berridge,1962-05-02,,1,17
Peter Sellers,1925-09-08,1980-07-24,2,102
George C. Scott,1927-10-18,1999-09-22,2,75
Sterling Hayden,1916-03-26,1986-05-23,2,71
Josh Brolin,1968-02-12,,2,82
Elizabeth Olsen,1989-02-16,,1,37
Sharlto Copley,1973-11-27,,2,26
Tim Allen,1953-06-13,,2,67
Don Rickles,1926-05-08,2017-04-06,2,70
Annette Bening,1958-05-29,,1,61
Thora Birch,1982-03-11,,1,49
Mark Ruffalo,1967-11-22,,2,88
Mel Gibson,1956-01-03,,2,98
Catherine McCormack,1972-04-03,,1,31
Sophie Marceau,1966-11-17,,1,64
Jürgen Prochnow,1941-06-10,,2,121
Herbert Grönemeyer,1956-04-12,,2,33
Klaus Wennemann,1940-12-18,2000-01-07,2,12
Robin Williams,1951-07-21,2014-08-11,2,178
Ben Affleck,1972-08-15,,2,99
Youji Matsuda,1967-10-19,,2,20
Yuriko Ishida,1969-10-03,,1,44
Yûko Tanaka,1955-04-29,,1,42
Zazie Beetz,1991-06-01,,1,33
Ryunosuke Kamiki,1993-05-19,,2,70
Mone Kamishiraishi,1998-01-27,,1,22
Ryo Narita,1993-11-22,,2,39
Tatsuya Nakadai,1932-12-13,,2,164
Kyōko Kagawa,1931-12-05,,1,93
Aamir Khan,1965-03-14,,2,71
R. Madhavan,1970-06-01,,2,63
Sharman Joshi,1979-04-28,,2,33
James Woods,1947-04-18,,2,124
Elizabeth McGovern,1961-07-18,,1,57
Gene Kelly,1912-08-23,1996-02-02,2,93
Donald O'Connor,1925-08-28,2003-09-27,2,76
Debbie Reynolds,1932-04-01,2016-12-28,1,103
Zain Al Rafeea,2004-10-24,,2,3
Yordanos Shifera,,,1,1
Boluwatife Treasure Bankole,,,2,1
Aleksei Kravchenko,1969-10-10,,2,49
Olga Mironova,,,1,1
Liubomiras Laucevicius,1950-06-15,,2,48
Ellen Burstyn,1932-12-07,,1,140
Jared Leto,1971-12-26,,2,62
Jennifer Connelly,1970-12-12,,1,58
Joan Cusack,1962-10-11,,1,73
Jim Carrey,1962-01-17,,2,80
Kate Winslet,1975-10-05,,1,72
Kirsten Dunst,1982-04-30,,1,80
Betty Gilpin,1986-07-21,,1,16
Hilary Swank,1974-07-30,,1,51
Ethan Suplee,1976-05-25,,2,57
Keir Dullea,1936-05-30,,2,64
Gary Lockwood,1937-02-21,,2,34
William Sylvester,1922-01-31,1995-01-25,2,36
Haruo Tanaka,1912-03-25,1992-03-21,2,188
Nobuo Kaneko,1923-03-27,1995-01-20,2,197
Harvey Keitel,1939-05-13,,2,182
Tim Roth,1961-05-14,,2,104
Michael Madsen,1957-09-25,,2,289
Peter O'Toole,1932-08-02,2013-12-14,2,97
Alec Guinness,1914-04-02,2000-08-05,2,80
Anthony Quinn,1915-04-21,2001-06-03,2,178
Jack Lemmon,1925-02-08,2001-06-27,2,122
Shirley MacLaine,1934-04-24,,1,117
Fred MacMurray,1908-08-30,1991-11-05,2,111
Lubna Azabal,1973-08-15,,1,63
Mélissa Désormeaux-Poulin,1981-01-01,,1,11
Maxim Gaudette,1974-06-08,,2,14
Cillian Murphy,1976-05-25,,2,65
Emily Blunt,1983-02-23,,1,55
Cary Grant,1904-01-18,1986-11-29,2,146
Eva Marie Saint,1924-07-04,,1,67
James Mason,1909-05-15,1984-07-27,2,145
Steven Bauer,1956-12-02,,2,111
Michelle Pfeiffer,1958-04-29,,1,73
Orson Welles,1915-05-06,1985-10-10,2,265
Joseph Cotten,1905-05-15,1994-02-06,2,99
Dorothy Comingore,1913-08-24,1971-12-30,1,23
Barbara Stanwyck,1907-07-16,1990-01-20,1,122
Edward G. Robinson,1893-12-11,1973-01-26,2,131
Nassim Lyes,1988-06-03,,2,18
Loryn Nounay,,,1,2
Olivier Gourmet,1963-07-22,,2,120
Kim Novak,1933-02-13,,1,51
Barbara Bel Geddes,1922-10-31,2005-08-08,1,15
Matthew Modine,1959-03-22,,2,111
Adam Baldwin,1962-02-27,,2,72
Vincent D'Onofrio,1959-06-30,,2,97
Audrey Tautou,1976-08-09,,1,41
Mathieu Kassovitz,1967-08-03,,2,62
Rufus,1942-12-19,,2,121
Val Kilmer,1959-12-31,,2,109
Ed Asner,1929-11-15,2021-08-29,2,225
Christopher Plummer,1929-12-13,2021-02-05,2,188
Jordan Nagai,2000-02-05,,2,2
Malcolm McDowell,1943-06-13,,2,232
Patrick Magee,1922-03-31,1982-08-14,2,61
Carl Duering,1923-05-29,2018-09-01,2,30
Mary Badham,1952-10-07,,1,9
Gregory Peck,1916-04-05,2003-06-12,2,109
Phillip Alford,1948-09-11,,2,6
Michelle Sun,,,0,4
Zhen Yao,,,0,1
Carlee Soeder,,,0,3
Paul Newman,1925-01-26,2008-09-26,2,124
Robert Redford,1936-08-18,,2,124
Robert Shaw,1927-08-09,1978-08-28,2,48
Bruce Willis,1955-03-19,,2,159
Alan Rickman,1946-02-21,2016-01-14,2,71
Alexander Godunov,1949-11-28,1995-05-18,2,12
Sean Connery,1930-08-25,2020-10-31,2,130
Denholm Elliott,1922-05-31,1992-10-06,2,117
Darsheel Safary,1996-03-09,,2,9
Tisca Chopra,1973-11-01,,1,42
Vipin Sharma,1962-02-18,,2,49
Gustav Fröhlich,1902-03-21,1987-12-22,2,102
Brigitte Helm,1906-03-17,1996-06-11,1,41
Alfred Abel,1879-03-11,1937-12-12,2,102
Jason Statham,1967-07-26,,2,62
Alan Ford,1938-02-23,,2,37
George MacKay,1992-03-13,,2,43
Dean-Charles Chapman,1997-09-07,,2,12
Mark Strong,1963-08-05,,2,104
Lamberto Maggiorani,1909-08-28,1983-04-22,2,16
Enzo Staiola,1939-11-15,,2,15
Lianella Carell,1927-05-06,2000-12-22,1,17
Lin-Manuel Miranda,1980-01-16,,2,63
Leslie Odom Jr.,1981-08-06,,2,28
Renée Elise Goldsberry,1971-01-02,,1,24
Cybill Shepherd,1950-02-18,,1,60
Peter Barkworth,1929-01-14,2006-10-21,2,28
T. P. McKenna,1929-09-07,2011-02-13,2,59
Maurice Denham,1909-12-23,2002-07-24,2,125
Fatima Sana Shaikh,1992-01-11,,1,16
Sanya Malhotra,1992-02-25,,1,16
Gian Maria Volonté,1933-04-09,1994-12-06,2,72
Jonah Hill,1983-12-20,,2,61
Margot Robbie,1990-07-02,,1,39
Mahershala Ali,1974-02-16,,2,38
Linda Cardellini,1975-06-25,,1,43
Tony Curtis,1925-06-03,2010-09-29,2,157
Marilyn Monroe,1926-06-01,1962-08-05,1,113
Jackie Coogan,1914-10-26,1984-03-01,2,84
Carl Miller,1893-08-08,1979-01-20,2,29
Olivia Colman,1974-01-30,,1,77
Mark Gatiss,1966-10-17,,2,99
Spencer Tracy,1900-04-02,1967-06-10,2,113
Richard Widmark,1914-12-26,2008-03-24,2,87
Maximilian Schell,1930-12-08,2014-02-01,2,98
Laura Linney,1964-02-05,,1,70
Noah Emmerich,1965-02-27,,2,37
Bette Davis,1908-04-05,1989-10-06,1,175
Anne Baxter,1923-05-07,1985-12-12,1,72
George Sanders,1906-07-03,1972-04-25,2,121
Daniel Day-Lewis,1957-04-29,,2,36
Paul Dano,1984-06-19,,2,43
Kevin J. O'Connor,1963-11-15,,2,48
Tom Cruise,1962-07-03,,2,76
Monica Barbaro,1990-06-17,,1,9
Sam Neill,1947-09-14,,2,140
Laura Dern,1967-02-10,,1,112
Jeff Goldblum,1952-10-22,,2,147
Sharon Stone,1958-03-10,,1,128
Akira Terao,1947-05-18,,2,43
Jinpachi Nezu,1947-12-01,2016-12-29,2,62
Haley Joel Osment,1988-04-10,,2,52
Toni Collette,1972-11-01,,1,83
Ivana Baquero,1994-06-11,,1,16
Sergi López,1965-12-22,,2,102
Maribel Verdú,1970-10-02,,1,86
Gene Hackman,1930-01-30,,2,116
Javier Bardem,1969-03-01,,2,78
Tommy Lee Jones,1946-09-15,,2,98
Kurt Russell,1951-03-17,,2,91
Keith David,1956-06-04,,2,218
Wilford Brimley,1934-09-27,2020-08-01,2,61
Ed Harris,1950-11-28,,2,115
Lucy Liu,1968-12-02,,1,76
Vivica A. Fox,1964-07-30,,1,198
Walter Huston,1883-04-03,1950-04-07,2,87
Tim Holt,1919-02-05,1973-02-15,2,79
Yōko Tsukasa,1934-08-20,,1,70
Steve McQueen,1930-03-24,1980-11-07,2,58
James Garner,1928-04-07,2014-07-19,2,97
Richard Attenborough,1923-08-29,2014-08-24,2,102
Graham Chapman,1941-01-08,1989-10-04,2,50
John Cleese,1939-10-27,,2,189
Eric Idle,1943-03-29,,2,107
Albert Brooks,1947-07-22,,2,45
Ellen DeGeneres,1958-01-26,,1,51
Alexander Gould,1994-05-04,,2,17
Jake Gyllenhaal,1980-12-19,,2,72
Viola Davis,1965-08-11,,1,77
Chieko Baisho,1941-06-29,,1,133
Takuya Kimura,1972-11-13,,2,32
Akihiro Miwa,1935-05-15,,2,23
Machiko Kyō,1924-03-25,2019-05-12,1,79
John Hurt,1940-01-22,2017-01-25,2,206
Anne Bancroft,1931-09-17,2005-06-06,1,72
Ray Milland,1907-01-04,1986-03-10,2,153
Robert Cummings,1910-06-09,1990-12-02,2,80
Faye Dunaway,1941-01-14,,1,114
John Huston,1906-08-05,1987-08-28,2,92
Vivien Leigh,1913-11-05,1967-07-07,1,41
Clark Gable,1901-02-01,1960-11-16,2,142
Olivia de Havilland,1916-07-01,2020-07-26,1,75
Vinnie Jones,1965-01-05,,2,92
Jason Flemyng,1966-09-25,,2,110
Dexter Fletcher,1966-01-31,,2,74
Hugo Weaving,1960-04-04,,2,97
Stephen Rea,1946-10-31,,2,109
Ricardo Darín,1957-01-16,,2,64
Soledad Villamil,1969-06-19,,1,18
Pablo Rago,1972-09-24,,2,35
Amy Poehler,1971-09-16,,1,75
Maya Hawke,1998-07-08,,1,21
Kensington Tallman,2008-08-06,,1,4
Cathy Moriarty,1960-11-29,,1,56
Frances McDormand,1957-06-23,,1,67
Woody Harrelson,1961-07-23,,2,144
Sam Rockwell,1968-11-05,,2,102
Ewan McGregor,1971-03-31,,2,122
Ewen Bremner,1972-01-23,,2,78
Jonny Lee Miller,1972-11-15,,2,34
Jack Hawkins,1910-09-14,1973-07-18,2,81
Jason Schwartzman,1980-06-26,,2,76
Rashida Jones,1976-02-25,,1,49
Christopher Walken,1943-03-31,,2,145
William H. Macy,1950-03-13,,2,124
Steve Buscemi,1957-12-13,,2,164
Joel Edgerton,1974-06-23,,2,74
Tom Hardy,1977-09-15,,2,59
Nick Nolte,1941-02-08,,2,97
Tom Holland,1996-06-01,,2,33
Benedict Cumberbatch,1976-07-19,,2,106
Christopher Carley,1978-05-31,,2,6
Bee Vang,1991-11-04,,2,3
Daniel Radcliffe,1989-07-23,,2,49
Emma Watson,1990-04-15,,1,32
Rupert Grint,1988-08-24,,2,30
Noriko Hidaka,1962-05-31,,1,75
Chika Sakamoto,1959-08-17,,1,55
Hitoshi Takagi,1925-02-26,2004-02-11,2,37
Charlize Theron,1975-08-07,,1,73
Nicholas Hoult,1989-12-07,,2,45
Amir Farrokh Hashemian,,,0,1
Bahare Seddiqi,,,0,1
Nafise Jafar-Mohammadi,,,0,1
Michael Fassbender,1977-04-02,,2,68
Lupita Nyong'o,1983-03-01,,1,36
Charlton Heston,1923-10-04,2008-04-05,2,175
Stephen Boyd,1931-07-04,1977-06-02,2,52
Hugh Griffith,1912-05-30,1980-05-14,2,67
Ethan Hawke,1970-11-06,,2,120
Julie Delpy,1969-12-21,,1,78
Andrea Eckert,1958-09-17,,1,27
Ryan O'Neal,1941-04-20,2023-12-08,2,47
Marisa Berenson,1947-02-15,,1,67
Rutger Hauer,1944-01-23,2019-07-19,2,158
Sean Young,1959-11-20,,1,113
Mathieu Amalric,1965-10-25,,2,145
Andrew Garfield,1983-08-20,,2,41
Sam Worthington,1976-08-02,,2,58
Vince Vaughn,1970-03-28,,2,74
Rosamund Pike,1979-01-27,,1,48
Neil Patrick Harris,1973-06-15,,2,89
Robert Sean Leonard,1969-02-28,,2,31
Song Kang-ho,1967-01-17,,2,43
Kim Sang-kyung,1972-06-01,,2,21
Kim Roi-ha,1965-11-16,,2,27
Pete Postlethwaite,1946-02-07,2011-01-02,2,84
Emma Thompson,1959-04-15,,1,98
Georgia Hale,1905-06-28,1985-06-07,1,16
Mack Swain,1876-02-15,1935-08-25,2,99
John Goodman,1952-06-20,,2,142
Billy Crystal,1948-03-14,,2,108
Mary Gibbs,1996-10-05,,1,3
Leonardo Sbaraglia,1970-06-30,,2,73
Érica Rivas,1974-12-01,,1,31
John Cazale,1935-08-12,1978-03-12,2,13
Buster Keaton,1895-10-03,1966-02-01,2,186
Marion Mack,1902-04-08,1989-05-01,1,3
Glen Cavender,1883-09-18,1962-02-09,2,194
Roy Scheider,1932-11-10,2008-02-10,2,87
Richard Dreyfuss,1947-10-29,,2,129
Karl Malden,1912-03-22,2009-07-01,2,78
Kathryn McGuire,1903-12-06,1978-10-10,1,37
Joe Keaton,1867-07-06,1946-01-13,2,15
Jay Baruchel,1982-04-09,,2,53
Gerard Butler,1969-11-13,,2,73
Craig Ferguson,1962-05-17,,2,48
Patton Oswalt,1969-01-27,,2,129
Ian Holm,1931-09-12,2020-06-19,2,121
Lou Romano,1972-04-15,,2,10
Philip Seymour Hoffman,1967-07-23,2014-02-02,2,78
Barry Humphries,1934-02-17,2023-04-22,2,59
Alida Valli,1921-05-31,2006-04-22,1,112
Trevor Howard,1913-09-29,1988-01-07,2,100
Franck Gastambide,1978-10-31,,2,30
Alban Lenoir,1980-12-16,,2,46
Ana Girardot,1988-08-01,,1,38
Victor Sjöström,1879-09-21,1960-01-03,2,51
Bibi Andersson,1935-11-11,2019-04-14,1,110
Ingrid Thulin,1926-01-28,2004-01-07,1,65
Jon Bernthal,1976-09-20,,2,45
Jean Arthur,1900-10-16,1991-06-19,1,103
Claude Rains,1889-11-09,1967-05-30,2,76
Govinda,1963-12-21,,2,142
Manisha Koirala,1970-08-16,,1,86
Raj Babbar,1952-06-23,,2,158
Chishū Ryū,1904-05-13,1993-03-16,2,254
Chieko Higashiyama,1890-09-30,1980-05-08,1,75
Setsuko Hara,1920-06-17,2015-09-05,1,76
Dafne Keen,2005-01-04,,1,5
Patrick Stewart,1940-07-13,,2,162
Sylvester Stallone,1946-07-06,,2,140
Talia Shire,1946-04-25,,1,81
Burt Young,1940-04-30,2023-10-08,2,131
Jeff Bridges,1949-12-04,,2,137
Julianne Moore,1960-12-03,,1,111
Max von Sydow,1929-04-10,2020-03-08,2,166
Bengt Ekerot,1920-02-08,1971-11-26,2,37
Gunnar Björnstrand,1909-11-13,1986-05-26,2,130
Brie Larson,1989-10-01,,1,54
Jacob Tremblay,2006-10-05,,2,37
Joan Allen,1956-08-20,,1,45
Michael Keaton,1951-09-05,,2,91
Rachel McAdams,1978-11-17,,1,38
Don Cheadle,1964-11-29,,2,88
Sophie Okonedo,1968-08-11,,1,49
Charlie Sheen,1965-09-03,,2,86
Willem Dafoe,1955-07-22,,2,202
Tom Berenger,1949-05-31,,2,101
Vincent Cassel,1966-11-23,,2,104
Hubert Koundé,1970-12-30,,2,19
Saïd Taghmaoui,1973-07-19,,2,54
Vernon Dobtcheff,1934-08-14,,2,147
Johnny Depp,1963-06-09,,2,146
Orlando Bloom,1977-01-13,,2,61
Keira Knightley,1985-03-26,,1,65
Suriya,1975-07-23,,2,59
Lijomol Jose,,,1,20
Baby Joshika Maya,,,0,1
Maria Falconetti,1892-07-21,1946-12-12,1,9
Eugène Silvain,1851-06-16,1930-08-21,2,2
André Berley,1890-01-13,1936-11-26,2,32
Dana Andrews,1909-01-01,1992-12-17,2,88
Fredric March,1897-08-31,1975-04-15,2,100
Harold Russell,1914-01-14,2002-01-29,2,4
Linda Blair,1959-01-22,,1,75
Jason Miller,1939-04-22,2001-05-13,2,28
Daniel Brühl,1978-06-16,,2,76
Olivia Wilde,1984-03-10,,1,54
Peter Finch,1916-09-27,1977-01-14,2,58
Judy Garland,1922-06-10,1969-06-22,1,100
Ray Bolger,1904-01-10,1987-01-15,2,33
Jack Haley,1897-08-09,1979-06-06,2,47
Craig T. Nelson,1944-04-04,,2,67
Holly Hunter,1958-03-20,,1,64
Sarah Vowell,1969-12-27,,1,10
Wil Wheaton,1972-07-29,,2,59
River Phoenix,1970-08-23,1993-10-31,2,29
Corey Feldman,1971-07-16,,2,111
Richard Gere,1949-08-31,,2,82
Sarah Roemer,1984-08-28,,1,17
Julie Andrews,1935-10-01,,1,106
Eleanor Parker,1922-06-26,2013-12-09,1,67
Kim Min-hee,1982-03-01,,1,24
Kim Tae-ri,1990-04-24,,1,11
Ha Jung-woo,1978-03-11,,2,46
Fikret Kuşkan,1965-04-22,,2,28
Ege Tanman,1998-02-26,,2,4
Çetin Tekindor,1945-07-16,,2,13
Carole Lombard,1908-10-06,1942-01-16,1,104
Jack Benny,1894-02-14,1974-12-26,2,76
Robert Stack,1919-01-13,2003-05-14,2,79
Emile Hirsch,1985-03-13,,2,63
Marcia Gay Harden,1959-08-14,,1,95
William Hurt,1950-03-20,2022-03-13,2,100
Jean Martin,1922-03-06,2009-02-02,2,47
Brahim Hadjadj,1934-01-31,1996-03-08,2,13
Yacef Saâdi,1928-01-20,2021-09-10,2,6
Bill Murray,1950-09-21,,2,140
Andie MacDowell,1958-04-21,,1,82
Chris Elliott,1960-05-31,,2,39
Jane Darwell,1879-10-13,1967-08-13,1,162
John Carradine,1906-02-05,1988-11-27,2,272
Vin Diesel,1967-07-18,,2,60
Eli Marienthal,1986-03-06,,2,12
Jennifer Aniston,1969-02-11,,1,61
Emilio Echevarría,1944-01-01,,2,28
Vanessa Bauche,1973-02-18,,1,28
Laurence Olivier,1907-05-22,1989-07-11,2,120
Joan Fontaine,1917-10-22,2013-12-15,1,58
George Kennedy,1925-02-18,2016-02-28,2,122
Luke Askew,1932-03-26,2012-03-29,2,44
Emma Stone,1988-11-06,,1,51
Bryce Dallas Howard,1981-03-02,,1,43
Claudette Colbert,1903-09-13,1996-07-30,1,76
Walter Connolly,1887-04-08,1940-05-28,2,48
Scott Weinger,1975-10-05,,2,13
Linda Larkin,1970-03-20,,1,27
Harry Dean Stanton,1926-07-14,2017-09-15,2,151
Nastassja Kinski,1961-01-24,,1,78
Dean Stockwell,1936-03-05,2021-11-07,2,124
Manoj Bajpayee,1969-04-23,,2,89
Richa Chadha,1986-12-18,,1,29
Tigmanshu Dhulia,1967-07-03,,2,11
